sched,arm,competitor,round,timestamp,ttft_ms,itl_p50_ms,itl_p95_ms,itl_p99_ms,itl_max_ms,decode_tps,n_tokens,energy_j,j_per_token,build_wall_s,total_migrations,total_ctx_switches,temp_start_c,temp_end_c,switch_detected,switch_lead_ms,sched_ext_state
rustland,A_P8,none,1,2026-07-19T17:19:07,10972.54,87.494,91.784,93.46,97.762,11.371,256,,,,62004,2311026,58.0,81.0,True,-103.1,enabled
rustland,SWITCH,build,1,2026-07-19T17:20:17,11247.49,87.755,88.589,88.889,92.552,11.381,256,,,35.66,64708,2284985,61.0,80.0,True,-110.1,enabled
rustland,A_P8,build,1,2026-07-19T17:21:27,11522.43,87.456,88.199,91.75,92.497,11.411,256,,,35.87,61811,2310261,61.0,81.0,True,-116.4,enabled
rustland,SWITCH,none,1,2026-07-19T17:22:33,10287.97,87.859,89.454,92.612,93.287,11.35,256,2756.7,10.768,,63150,2285371,62.0,83.0,True,-109.4,enabled
rustland,SWITCH,build,2,2026-07-19T17:23:43,10697.7,87.896,88.822,91.675,95.624,11.356,256,2922.1,11.415,35.16,64996,2276299,61.0,84.0,True,-104.7,enabled
rustland,A_P8,build,2,2026-07-19T17:24:53,11560.38,87.717,91.606,96.248,98.214,11.329,256,3012.2,11.766,36.07,67652,2307674,62.0,84.0,True,-126.1,enabled
rustland,A_P8,none,2,2026-07-19T17:26:00,10953.7,87.44,87.933,88.867,92.198,11.431,256,2829.1,11.051,,57549,2310030,62.0,80.0,True,-109.1,enabled
rustland,SWITCH,none,2,2026-07-19T17:27:07,10197.48,87.475,88.024,91.598,92.31,11.417,256,2744.2,10.719,,58004,2282486,62.0,81.0,True,-125.2,enabled
rustland,A_P8,none,3,2026-07-19T17:28:14,10967.4,87.47,91.273,94.047,98.282,11.39,256,2836.7,11.081,,58545,2305111,62.0,86.0,True,-114.0,enabled
rustland,SWITCH,build,3,2026-07-19T17:29:23,10764.42,87.501,88.241,91.149,94.623,11.407,256,2910.9,11.371,35.12,275080,2288734,62.0,84.0,True,-115.4,enabled
rustland,SWITCH,none,3,2026-07-19T17:30:30,10020.31,87.466,87.692,88.765,92.952,11.426,256,2734.2,10.681,,59082,2283545,62.0,85.0,True,-121.9,enabled
rustland,A_P8,build,3,2026-07-19T17:31:39,11514.68,87.534,89.145,95.326,97.978,11.381,256,2997.3,11.708,35.92,61816,2314237,62.0,83.0,True,-121.4,enabled
rustland,A_P8,build,4,2026-07-19T17:32:49,11508.4,88.187,92.37,94.595,98.199,11.183,256,3031.1,11.84,36.31,59191,2307507,62.0,85.0,True,-121.0,enabled
rustland,SWITCH,none,4,2026-07-19T17:33:56,10121.46,87.523,87.842,89.275,92.321,11.419,256,2738.7,10.698,,58727,2281096,63.0,81.0,True,-125.1,enabled
rustland,A_P8,none,4,2026-07-19T17:35:03,10972.22,87.627,87.953,88.306,92.183,11.412,256,2832.8,11.066,,57637,2311008,63.0,82.0,True,-123.9,enabled
rustland,SWITCH,build,4,2026-07-19T17:36:12,10843.7,87.716,87.963,88.701,92.921,11.397,256,2922.6,11.417,35.22,60835,2286166,62.0,86.0,True,-123.6,enabled
rustland,SWITCH,none,5,2026-07-19T17:37:19,10132.68,87.499,87.789,88.448,92.902,11.423,256,2741.1,10.707,,57109,2284773,62.0,82.0,True,-106.1,enabled
rustland,A_P8,none,5,2026-07-19T17:38:26,10995.14,87.543,92.327,94.502,97.684,11.299,256,2853.5,11.146,,58898,2307563,63.0,83.0,True,-121.4,enabled
rustland,A_P8,build,5,2026-07-19T17:39:36,11532.22,87.528,87.796,88.256,89.62,11.425,256,2992.3,11.689,35.85,59179,2310693,62.0,84.0,True,-116.7,enabled
rustland,SWITCH,build,5,2026-07-19T17:40:45,10774.5,87.609,88.008,90.67,92.807,11.403,256,2913.4,11.381,35.14,63193,2282936,63.0,81.0,True,-114.0,enabled
rustland,SWITCH,none,6,2026-07-19T17:41:52,10134.24,87.69,89.958,95.275,100.092,11.339,256,2754.7,10.761,,63286,2276844,62.0,85.0,True,-105.0,enabled
rustland,A_P8,build,6,2026-07-19T17:43:02,11506.5,87.691,92.127,93.77,97.728,11.332,256,3007.3,11.747,36.01,59299,2304816,63.0,86.0,True,-120.4,enabled
rustland,A_P8,none,6,2026-07-19T17:44:09,10953.59,87.627,91.112,92.027,97.897,11.369,256,2838.5,11.088,,61605,2308135,62.0,86.0,True,-108.0,enabled
rustland,SWITCH,build,6,2026-07-19T17:45:18,10762.81,87.574,89.414,93.711,99.826,11.381,256,2918.0,11.398,35.17,64374,2271628,62.0,83.0,True,-108.4,enabled
lavd,A_P8,none,1,2026-07-19T17:51:35,10881.24,91.797,92.268,92.585,94.621,10.888,256,2915.2,11.387,,183497,2374543,58.0,80.0,True,-102.5,enabled
lavd,SWITCH,build,1,2026-07-19T17:52:45,10528.86,91.429,91.907,92.619,93.387,10.931,256,2990.7,11.682,35.86,186367,2343742,60.0,80.0,True,-117.5,enabled
lavd,A_P8,build,1,2026-07-19T17:53:55,11459.8,91.458,91.997,93.384,93.821,10.924,256,3081.5,12.037,36.81,194267,2372525,62.0,83.0,True,-102.3,enabled
lavd,SWITCH,none,1,2026-07-19T17:55:03,10371.15,91.403,91.678,92.329,92.846,10.938,256,2831.8,11.062,,176174,2341672,61.0,84.0,True,-121.1,enabled
lavd,SWITCH,build,2,2026-07-19T17:56:13,10888.26,91.438,91.905,92.688,95.197,10.929,256,3006.3,11.743,36.22,183155,2343157,62.0,85.0,True,-114.4,enabled
lavd,A_P8,build,2,2026-07-19T17:57:24,11496.56,91.493,91.713,92.993,94.92,10.926,256,3087.8,12.062,36.84,184953,2372558,62.0,85.0,True,-104.6,enabled
lavd,A_P8,none,2,2026-07-19T17:58:32,10841.84,91.487,91.85,92.287,92.694,10.927,256,2906.2,11.352,,181312,2371612,62.0,82.0,True,-105.9,enabled
lavd,SWITCH,none,2,2026-07-19T17:59:39,10338.78,91.465,91.745,91.947,92.029,10.931,256,2832.5,11.065,,181855,2341899,61.0,82.0,True,-125.3,enabled
lavd,A_P8,none,3,2026-07-19T18:00:48,11249.15,91.902,93.094,99.156,109.472,10.837,256,2958.1,11.555,,195796,2375321,62.0,84.0,True,-115.0,enabled
lavd,SWITCH,build,3,2026-07-19T18:01:58,10863.83,91.358,91.849,92.471,95.716,10.937,256,3005.7,11.741,36.18,179051,2343148,62.0,85.0,True,-108.1,enabled
lavd,SWITCH,none,3,2026-07-19T18:03:06,10381.95,91.418,91.719,92.322,93.041,10.935,256,2832.9,11.066,,172228,2342786,62.0,84.0,True,-116.3,enabled
lavd,A_P8,build,3,2026-07-19T18:04:17,11571.78,91.861,92.183,93.794,95.943,10.881,256,3105.0,12.129,37.01,192565,2374573,62.0,84.0,True,-106.5,enabled
lavd,A_P8,build,4,2026-07-19T18:05:27,11471.66,91.531,92.076,92.788,94.483,10.917,256,3090.3,12.072,36.84,189050,2372260,63.0,81.0,True,-113.4,enabled
lavd,SWITCH,none,4,2026-07-19T18:06:35,10257.74,91.574,93.83,97.667,103.127,10.872,256,2840.5,11.096,,189611,2342934,63.0,86.0,True,-117.1,enabled
lavd,A_P8,none,4,2026-07-19T18:07:43,10849.27,91.369,91.74,92.552,92.733,10.941,256,2905.2,11.348,,182628,2371706,62.0,85.0,True,-102.0,enabled
lavd,SWITCH,build,4,2026-07-19T18:08:53,10857.42,91.481,91.746,92.703,93.718,10.927,256,3012.6,11.768,36.2,184831,2343003,62.0,85.0,True,-113.0,enabled
lavd,SWITCH,none,5,2026-07-19T18:10:01,10364.51,91.254,92.475,93.912,97.016,10.941,256,2829.6,11.053,,179423,2341790,62.0,85.0,True,-132.0,enabled
lavd,A_P8,none,5,2026-07-19T18:11:09,10777.75,91.487,91.771,91.947,92.266,10.929,256,2901.9,11.336,,185537,2372308,62.0,85.0,True,-100.9,enabled
lavd,A_P8,build,5,2026-07-19T18:12:19,11522.03,91.446,91.771,92.834,94.082,10.929,256,3088.5,12.064,36.86,193747,2372410,62.0,86.0,True,-99.1,enabled
lavd,SWITCH,build,5,2026-07-19T18:13:29,10569.4,91.424,91.696,92.35,96.418,10.934,256,2996.6,11.705,35.9,178787,2342474,62.0,86.0,True,-107.5,enabled
lavd,SWITCH,none,6,2026-07-19T18:14:36,10058.07,91.438,91.765,92.349,92.629,10.932,256,2821.8,11.023,,181401,2342357,62.0,83.0,True,-121.1,enabled
lavd,A_P8,build,6,2026-07-19T18:15:47,11610.04,91.408,91.759,92.161,95.64,10.934,256,3093.5,12.084,36.94,183174,2371592,63.0,86.0,True,-110.5,enabled
lavd,A_P8,none,6,2026-07-19T18:16:55,10865.47,91.435,91.767,92.458,92.616,10.932,256,2907.0,11.356,,186607,2371466,63.0,83.0,True,-110.3,enabled
lavd,SWITCH,build,6,2026-07-19T18:18:05,10810.2,91.444,91.909,92.992,93.676,10.928,256,3005.5,11.74,36.15,184304,2342592,62.0,84.0,True,-111.6,enabled
eevdf,A_P8,none,1,2026-07-19T18:47:44,11091.04,86.782,89.385,96.264,107.018,11.434,256,2839.7,11.093,,8811,2026325,59.0,82.0,True,-116.8,disabled
eevdf,SWITCH,build,1,2026-07-19T18:48:53,10528.9,86.431,87.503,89.426,90.615,11.55,256,2876.4,11.236,34.61,8809,2003666,61.0,83.0,True,-120.2,disabled
eevdf,A_P8,build,1,2026-07-19T18:50:03,11899.4,86.984,90.789,93.713,97.836,11.431,256,3023.7,11.811,36.21,9322,2031068,61.0,85.0,True,-106.9,disabled
eevdf,SWITCH,none,1,2026-07-19T18:51:09,9867.45,86.427,87.007,87.137,88.663,11.561,256,2701.1,10.551,,6932,1986709,62.0,84.0,True,-111.9,disabled
eevdf,SWITCH,build,2,2026-07-19T18:52:17,10543.96,86.459,87.065,89.985,95.277,11.548,256,2883.3,11.263,34.63,7809,2006267,62.0,83.0,True,-123.7,disabled
eevdf,A_P8,build,2,2026-07-19T18:53:27,11674.48,86.507,90.379,93.064,94.749,11.509,256,2986.0,11.664,35.83,6451,2032232,61.0,85.0,True,-119.0,disabled
eevdf,A_P8,none,2,2026-07-19T18:54:34,10960.87,86.592,91.235,95.594,103.938,11.468,256,2820.9,11.019,,4293,2030179,62.0,84.0,True,-105.3,disabled
eevdf,SWITCH,none,2,2026-07-19T18:55:39,9819.01,86.418,86.832,87.301,87.358,11.566,256,2696.0,10.531,,7006,2010976,62.0,82.0,True,-111.9,disabled
eevdf,A_P8,none,3,2026-07-19T18:56:46,11016.23,86.439,87.025,87.843,91.285,11.558,256,2812.4,10.986,,4019,2031234,62.0,82.0,True,-116.3,disabled
eevdf,SWITCH,build,3,2026-07-19T18:57:55,10527.82,86.472,87.525,90.587,97.608,11.531,256,2878.6,11.245,34.64,9113,2009189,62.0,85.0,True,-111.0,disabled
eevdf,SWITCH,none,3,2026-07-19T18:59:00,9769.4,86.437,87.057,89.562,95.387,11.551,256,2693.6,10.522,,8391,2010046,62.0,84.0,True,-126.7,disabled
eevdf,A_P8,build,3,2026-07-19T19:00:10,11705.7,86.485,91.498,103.851,108.325,11.41,256,3007.8,11.749,36.06,13864,2051521,63.0,84.0,True,-116.3,disabled
eevdf,A_P8,build,4,2026-07-19T19:01:20,11766.79,86.444,87.201,89.998,95.393,11.544,256,2992.8,11.691,35.86,6174,2039998,62.0,81.0,True,-116.5,disabled
eevdf,SWITCH,none,4,2026-07-19T19:02:25,9785.34,86.442,88.064,91.887,97.97,11.526,256,2700.8,10.55,,7843,1999778,63.0,85.0,True,-104.9,disabled
eevdf,A_P8,none,4,2026-07-19T19:03:32,11163.19,86.419,87.392,90.647,92.018,11.542,256,2826.8,11.042,,3802,2024768,63.0,85.0,True,-107.9,disabled
eevdf,SWITCH,build,4,2026-07-19T19:04:41,10496.34,86.521,87.402,89.764,95.075,11.535,256,2873.0,11.223,34.61,8995,2007186,63.0,84.0,True,-107.7,disabled
eevdf,SWITCH,none,5,2026-07-19T19:05:47,9810.63,86.504,87.321,92.186,98.619,11.531,256,,,,8503,2003423,62.0,82.0,True,-107.6,disabled
eevdf,A_P8,none,5,2026-07-19T19:06:54,11045.06,86.798,92.252,94.859,96.893,11.42,256,2836.4,11.08,,4962,2043350,62.0,83.0,True,-110.9,disabled
eevdf,A_P8,build,5,2026-07-19T19:08:04,11667.94,86.868,91.81,94.595,100.675,11.302,256,3022.7,11.808,36.23,6432,2031029,63.0,85.0,True,-105.4,disabled
eevdf,SWITCH,build,5,2026-07-19T19:09:12,10471.1,86.525,87.404,90.523,95.226,11.533,256,2876.0,11.235,34.58,8312,1991561,62.0,84.0,True,-120.7,disabled
eevdf,SWITCH,none,6,2026-07-19T19:10:18,9823.81,86.547,90.833,92.409,96.522,11.486,256,2709.0,10.582,,8136,1995106,62.0,82.0,True,-105.4,disabled
eevdf,A_P8,build,6,2026-07-19T19:11:28,11710.68,86.478,87.184,88.731,95.755,11.543,256,2986.1,11.664,35.8,5499,2030077,63.0,85.0,True,-114.8,disabled
eevdf,A_P8,none,6,2026-07-19T19:12:35,11056.38,86.486,90.752,93.49,96.736,11.489,256,2825.1,11.036,,4309,2041636,63.0,86.0,True,-119.7,disabled
eevdf,SWITCH,build,6,2026-07-19T19:13:43,10504.74,86.52,87.445,89.117,94.945,11.533,256,2874.6,11.229,34.62,10245,1999687,62.0,85.0,True,-112.4,disabled
